Unnamed: 0,PeptideSequence,length,charge_KR_minus_DE,hydrophobic_fraction,mean_GN_pred_MIC,mean_GP_pred_MIC,mean_all_pred_MIC,median_all_pred_MIC,n_pathogens_pred_MIC_le_32,n_pathogens_pred_MIC_le_64,n_pathogens_pred_MIC_le_128,n_pathogens_pred_MIC_le_256
ApexOracle-9,IQKLKFLRLAAQAQKLLLKLGIARRSLASK,30,8,0.5333333333333333,32.11459814285714,172.63919274999998,83.21445072727272,29.894703,7,7,9,10
ApexOracle-21,MRLSRRRRLLEWRRRLRIAIA,21,8,0.47619047619047616,56.33726171428571,237.30932675,122.14528536363636,63.147465,4,6,7,9
ApexOracle-1,MLNIQRKLRLRLAALRRYRQLTPRKLAA,28,9,0.5,142.28951885714287,282.49279750000005,193.2725292727273,170.62976,1,1,4,8
ApexOracle-11,MLFKLALKNPLYFIKGKAKKSKRGL,25,8,0.48,152.21967614285717,246.7744725,186.60323845454548,180.20412,2,2,4,8
ApexOracle-18,MKRIALLARRRRITIAGRELLRRY,24,8,0.5,162.74283885714289,311.72671875000003,216.9187951818182,191.67993,0,2,3,7
ApexOracle-17,MGFWKPGIKMSSRALSKRTVGRFFK,25,7,0.4,165.593407,251.6820525,196.898369,172.67662,0,1,3,8
ApexOracle-19,IILLGVKKKLQKNNVLQKEIKNANGKALVVA,31,6,0.4838709677419355,193.93288,297.3064875,231.52328272727274,214.8364,0,1,1,7
ApexOracle-10,MNLAAFFIFKNPPSKWKYKR,20,5,0.5,205.22423057142856,271.76516675,229.42093463636365,254.37735,0,1,3,6
ApexOracle-16,MRARPKLARLIRVSGLVLSRLPMKGPAA,28,7,0.5,210.67971957142854,350.99647749999997,261.70399518181813,259.849,0,1,2,5
ApexOracle-20,MAVLRKIRGKRMLLRRFAIGIATVAM,26,7,0.6153846153846154,216.62573799999998,318.29025,253.59465145454544,262.9496,1,2,3,5
ApexOracle-4,KMLNQNNKEGRLNLRLSILSTLRRGKLLLV,30,6,0.4,243.01129285714288,370.9018125,289.5169363636364,268.0896,0,0,0,4
ApexOracle-7,KKKKLVALENRKKYTVVLRNLAISRRGV,28,9,0.42857142857142855,245.61342714285715,402.7344625,302.7483490909091,286.22345,0,0,0,4
ApexOracle-5,MIKLLLIKLAIGYLRLQRGQPLLNPGKGAR,30,6,0.5,266.399535,327.2553765,288.5289319090909,296.8296,0,1,2,4
ApexOracle-3,MKILKKRRLVSVTLARDITTLENRL,25,5,0.44,363.5541928571429,446.89372999999995,393.85947909090913,412.98776,0,0,0,0
ApexOracle-8,MKFYSKFKNFWIA,13,3,0.6153846153846154,369.2533600000001,448.03785500000004,397.90226727272733,408.6856,0,0,0,0
ApexOracle-6,MKRKFAPSGLMYSMERNSLKLLLP,24,4,0.4583333333333333,403.8479857142857,458.27161750000005,423.6383972727272,419.69113,0,0,0,0
